P_ctrl_W,T_through,T_drop,R_reflect,phase_through,phase_drop
0.0,1.0,0.017191785289206167,0.017482326460593754,0.0,1.5707963267948966
0.001,1.0,0.016445220652920728,0.016723144881955077,0.0034183036639770905,1.7807230632938589
